job_question,selected_keyword,job_question_english,job_solution,job_solution_english,retrieved_content
Agile 프로젝트 관리에서 Django를 활용하여 사용자 입력 처리와 텍스트 전처리를 효과적으로 수행하기 위해 어떤 전략을 사용하셨나요?,"Agile Project, Django, User Input Processing, Text Preprocessing, L, L, M, Large Language Model, Java, Script, L, L, M, Video Recording, Analysiseo, Similarity Analysis Model, Dropout, Feedback","Question:
In Agile project management, what strategies did you use to effectively handle user input and text preprocessing using Django?","Agile 프로젝트 관리에서 Django를 사용하여 사용자 입력 처리 및 텍스트 전처리를 효과적으로 수행하는 데 있어, 핵심 목표는 사용자 경험을 향상시키고 데이터 품질을 보장하는 것이었습니다. 이 과정에서 다양한 사용자 입력 형식과 비정형 데이터를 다루는 것이 도전 과제였습니다. 이를 해결하기 위해 Django의 폼과 모델을 활용하여 데이터 유효성 검사를 강화하고, Python의 NLP 라이브러리를 사용하여 텍스트 데이터를 전처리하는 전략을 수립했습니다. 이러한 행동의 결과로 데이터 입력 오류가 30% 감소하였고, 사용자 피드백에서 긍정적인 평가를 받았습니다. 앞으로는 머신러닝 기반의 자동화된 입력 검증 시스템을 도입하여 더욱 효율적인 데이터 처리 프로세스를 구축하고자 합니다.","In Agile project management, using Django to effectively handle user input and text preprocessing, the key objective was to enhance user experience and ensure data quality. The challenge was dealing with various user input formats and unstructured data. To address this, we strengthened data validation by utilizing Django's forms and models, and developed a strategy to preprocess text data using Python's NLP libraries. As a result of these actions, data input errors decreased by 30%, and we received positive feedback from users. In the future, we plan to implement a machine-learning-based automated input validation system to establish a more efficient data processing process.","기술스택: Python
용어: Mobile platforms
설명: Android and iOS are, in most respects, POSIX operating systems. File I/O, socket handling,and threading all behave as they would on any POSIX operating system. However,there are several major differences:Mobile platforms can only use Python in “embedded” mode. There is no PythonREPL, and no ability to use separate executables such aspythonorpip. To add Python code to your mobile app, you must usethePython embedding API. For more details, seeUsing Python on AndroidandUsing Python on iOS.Mobile platforms can only use Python in “embedded” mode. There is no PythonREPL, and no ability to use separate executables such aspythonorpip. To add Python code to your mobile app, you must usethePython embedding API. For more details, seeUsing Python on AndroidandUsing Python on iOS.Subprocesses:On Android, creating subprocesses is possible butofficially unsupported.In particular, Android does not support any part of the System V IPC API,somultiprocessingis not available.An iOS app cannot use any form of subprocessing, multiprocessing, orinter-process communication. If an iOS app attempts to create a subprocess,the process creating the subprocess will either lock up, or crash. An iOS apphas no visibility of other applications that are running, nor any ability tocommunicate with other running applications, outside of the iOS-specific APIsthat exist for this purpose.Subprocesses:On Android, creating subprocesses is possible butofficially unsupported.In particular, Android does not support any part of the System V IPC API,somultiprocessingis not available.An iOS app cannot use any form of subprocessing, multiprocessing, orinter-process communication. If an iOS app attempts to create a subprocess,the process creating the subprocess will either lock up, or crash. An iOS apphas no visibility of other applications that are running, nor any ability tocommunicate with other running applications, outside of the iOS-specific APIsthat exist for this purpose.On Android, creating subprocesses is possible butofficially unsupported.In particular, Android does not support any part of the System V IPC API,somultiprocessingis not available.On Android, creating subprocesses is possible butofficially unsupported.In particular, Android does not support any part of the System V IPC API,somultiprocessingis not available.An iOS app cannot use any form of subprocessing, multiprocessing, orinter-process communication. If an iOS app attempts to create a subprocess,the process creating the subprocess will either lock up, or crash. An iOS apphas no visibility of other applications that are running, nor any ability tocommunicate with other running applications, outside of the iOS-specific APIsthat exist for this purpose.An iOS app cannot use any form of subprocessing, multiprocessing, orinter-process communication. If an iOS app attempts to create a subprocess,the process creating the subprocess will either lock up, or crash. An iOS apphas no visibility of other applications that are running, nor any ability tocommunicate with other running applications, outside of the iOS-specific APIsthat exist for this purpose.Mobile apps have limited access to modify system resources (such as the systemclock). These resources will often bereadable, but attempts to modifythose resources will usually fail.Mobile apps have limited access to modify system resources (such as the systemclock). These resources will often bereadable, but attempts to modifythose resources will usually fail.Console input and output:On Android, the nativestdoutandstderrare not connected toanything, so Python installs its own streams which redirect messages to thesystem log. These can be seen under the tagspython.stdoutandpython.stderrrespectively.iOS apps have a limited concept of console output.stdoutandstderrexist, and content written tostdoutandstderrwill bevisible in logs when running in Xcode, but this contentwon’tbe recordedin the system log. If a user who has installed your app provides their applogs as a diagnostic aid, they will not include any detail written tostdoutorstderr.Mobile apps have no usablestdinat all. While apps can display an on-screenkeyboard, this is a software feature, not something that is attached tostdin.As a result, Python modules that involve console manipulation (such ascursesandreadline) are not available on mobile platforms.Console input and output:On Android, the nativestdoutandstderrare not connected toanything, so Python installs its own streams which redirect messages to thesystem log. These can be seen under the tagspython.stdoutandpython.stderrrespectively.iOS apps have a limited concept of console output.stdoutandstderrexist, and content written tostdoutandstderrwill bevisible in logs when running in Xcode, but this contentwon’tbe recordedin the system log. If a user who has installed your app provides their applogs as a diagnostic aid, they will not include any detail written tostdoutorstderr.Mobile apps have no usablestdinat all. While apps can display an on-screenkeyboard, this is a software feature, not something that is attached tostdin.As a result, Python modules that involve console manipulation (such ascursesandreadline) are not available on mobile platforms.On Android, the nativestdoutandstderrare not connected toanything, so Python installs its own streams which redirect messages to thesystem log. These can be seen under the tagspython.stdoutandpython.stderrrespectively.On Android, the nativestdoutandstderrare not connected toanything, so Python installs its own streams which redirect messages to thesystem log. These can be seen under the tagspython.stdoutandpython.stderrrespectively.iOS apps have a limited concept of console output.stdoutandstderrexist, and content written tostdoutandstderrwill bevisible in logs when running in Xcode, but this contentwon’tbe recordedin the system log. If a user who has installed your app provides their applogs as a diagnostic aid, they will not include any detail written tostdoutorstderr.iOS apps have a limited concept of console output.stdoutandstderrexist, and content written tostdoutandstderrwill bevisible in logs when running in Xcode, but this contentwon’tbe recordedin the system log. If a user who has installed your app provides their applogs as a diagnostic aid, they will not include any detail written tostdoutorstderr.Mobile apps have no usablestdinat all. While apps can display an on-screenkeyboard, this is a software feature, not something that is attached tostdin.As a result, Python modules that involve console manipulation (such ascursesandreadline) are not available on mobile platforms.Mobile apps have no usablestdinat all. While apps can display an on-screenkeyboard, this is a software feature, not something that is attached tostdin.As a result, Python modules that involve console manipulation (such ascursesandreadline) are not available on mobile platforms.
source: None"
"Python의 Interactive mode에서 입력이 어떻게 구문 분석되는지 설명해 주시고, 이 모드에서 입력을 처리할 때 주의해야 할 점은 무엇인가요?","Agile Project, Django, User Input Processing, Text Preprocessing, L, L, M, Large Language Model, Java, Script, L, L, M, Video Recording, Analysiseo, Similarity Analysis Model, Dropout, Feedback","Question:
Could you explain how input is parsed in Python's Interactive mode, and what should be noted when handling input in this mode?","Python의 Interactive 모드에서 입력이 구문 분석되는 방식에 대해 설명하자면, 해당 모드에서는 입력된 명령어가 구문 분석기를 통해 처리되며, 특히 상위 레벨의 복합 문장이 입력될 경우 이는 공백 줄로 끝나야 한다는 규칙이 있습니다. 이러한 특성은 입력 종료를 인식하기 위한 필수적인 부분입니다. 제가 이와 관련된 과제를 수행할 때, 핵심 목표는 Python 인터랙티브 모드의 구문 분석 이해와 이를 활용한 디버깅 도구 개발이었습니다. 주요 장애물로는 복합 명령어 입력 시 구문 오류를 최소화하는 것이었고, 이를 해결하기 위해 입력 종료를 명확히 인식할 수 있도록 공백 라인 규칙을 엄격히 적용하는 전략을 사용했습니다. 그 결과, 디버깅 도구의 정확도를 20% 향상시켰으며, 이러한 경험은 향후 Python 기반 애플리케이션 개발에 있어 오류 처리 메커니즘을 더욱 발전시키는데 기여할 것입니다.","In Python's Interactive mode, when input is parsed, the commands entered are processed through a parser. Notably, if a top-level compound statement is entered, it must end with a blank line. This rule is essential for recognizing the end of input. When I worked on a related project, the core objective was to understand the parsing in Python's interactive mode and use this understanding to develop a debugging tool. The main challenge was minimizing syntax errors when entering compound commands. To address this, I strictly applied the blank line rule to clearly recognize the end of input. As a result, I improved the accuracy of the debugging tool by 20%, and this experience will contribute to further developing error handling mechanisms in Python-based applications in the future.","기술스택: Python
용어: Interactive input
설명: Input in interactive mode is parsed using the following grammar:Note that a (top-level) compound statement must be followed by a blank line ininteractive mode; this is needed to help the parser detect the end of the input.
source: None"
"Incremental Encoding and Decoding에 대해 설명하고, 이를 Django 프로젝트에서 어떻게 활용할 수 있을지 말씀해 주세요.","Agile Project, Django, User Input Processing, Text Preprocessing, L, L, M, Large Language Model, Java, Script, L, L, M, Video Recording, Analysiseo, Similarity Analysis Model, Dropout, Feedback","Question:
Explain Incremental Encoding and Decoding, and discuss how it can be utilized in a Django project.","Incremental Encoding and Decoding은 데이터를 한 번에 처리하지 않고 여러 번의 호출을 통해 점진적으로 인코딩 및 디코딩할 수 있는 인터페이스를 제공합니다. Django 프로젝트에서 이를 활용하여 대량의 데이터를 처리할 때 메모리 효율성을 높이고, 네트워크 전송 시 데이터 손실을 방지하는 것이 목표였습니다. 프로젝트 초기에는 대량의 데이터 전송 시 성능 저하가 발생하는 문제가 있었는데, Incremental Encoder/Decoder를 사용하여 데이터를 부분적으로 처리함으로써 성능을 30% 향상시켰습니다. 이 경험을 통해 더 복잡한 데이터 집합을 효과적으로 처리할 수 있는 기술을 습득했으며, 향후 Django 기반의 대규모 시스템에서 성능 최적화에 기여할 수 있을 것으로 기대합니다.","Incremental Encoding and Decoding provide an interface that allows encoding and decoding data incrementally through multiple calls, rather than processing it all at once. In a Django project, this can be used to enhance memory efficiency and prevent data loss during network transmission when dealing with large volumes of data. Initially, the project faced performance degradation issues during large data transfers, but by using Incremental Encoder/Decoder, we were able to process the data in parts and improve performance by 30%. This experience helped us acquire the skills to effectively handle more complex datasets, and we anticipate contributing to performance optimization in larger Django-based systems in the future.","기술스택: Python
용어: Incremental Encoding and Decoding
설명: TheIncrementalEncoderandIncrementalDecoderclasses providethe basic interface for incremental encoding and decoding. Encoding/decoding theinput isn’t done with one call to the stateless encoder/decoder function, butwith multiple calls to theencode()/decode()method ofthe incremental encoder/decoder. The incremental encoder/decoder keeps track ofthe encoding/decoding process during method calls. The joined output of calls to theencode()/decode()method isthe same as if all the single inputs were joined into one, and this input wasencoded/decoded with the stateless encoder/decoder.
source: None"
"Python의 `codecs.iterdecode` 함수는 어떤 상황에서 사용할 수 있으며, 이 함수의 `errors` 인자를 활용하는 방법에 대해 설명해 주세요.","Agile Project, Django, User Input Processing, Text Preprocessing, L, L, M, Large Language Model, Java, Script, L, L, M, Video Recording, Analysiseo, Similarity Analysis Model, Dropout, Feedback","Question:
In what situations can Python's `codecs.iterdecode` function be used, and how can the `errors` parameter of this function be utilized?","Python의 `codecs.iterdecode` 함수는 주로 대량의 바이트 데이터를 스트림 방식으로 처리할 때 유용합니다. 이러한 상황에서 핵심 목표는 메모리 효율성을 높이고 데이터 손실을 방지하는 것입니다. 프로젝트 경험에서, 대용량 로그 파일을 실시간으로 처리할 때 이 함수를 사용하여 데이터를 효율적으로 디코딩할 수 있었습니다. `errors` 인자를 활용하여 'strict', 'ignore', 'replace' 등의 옵션을 통해 디코딩 오류를 유연하게 관리했습니다. 이를 통해 15%의 처리 시간 단축을 이루었고, 오류 발생 시에도 안정적으로 시스템을 운영할 수 있었습니다. 앞으로는 이 경험을 바탕으로 데이터 스트림 처리 성능을 더욱 개선해 나갈 계획입니다.","Python's `codecs.iterdecode` function is particularly useful when processing large amounts of byte data in a streaming manner. The main goal in such situations is to improve memory efficiency and prevent data loss. From my project experience, I used this function to efficiently decode data while processing large log files in real-time. By utilizing the `errors` parameter, I was able to flexibly manage decoding errors with options like 'strict', 'ignore', and 'replace'. This resulted in a 15% reduction in processing time and allowed the system to operate reliably even when errors occurred. In the future, I plan to further improve data stream processing performance based on this experience.","기술스택: Python
용어: codecs.iterdecode(iterator,encoding,errors='strict',**kwargs)
설명: Uses an incremental decoder to iteratively decode the input provided byiterator. This function is agenerator.Theerrorsargument (as well as anyother keyword argument) is passed through to the incremental decoder. This function requires that the codec acceptbytesobjectsto decode. Therefore it does not support text-to-text encoders such asrot_13, althoughrot_13may be used equivalently withiterencode().
source: None"
Python에서 Descriptors를 구현할 때의 주요 개념과 이를 사용하는 이유를 설명해 주시겠습니까?,"Agile Project, Django, User Input Processing, Text Preprocessing, L, L, M, Large Language Model, Java, Script, L, L, M, Video Recording, Analysiseo, Similarity Analysis Model, Dropout, Feedback","Question:
Can you explain the main concepts of implementing Descriptors in Python and why they are used?","Python에서 Descriptors를 구현할 때의 주요 목표는 속성의 접근 및 수정 방식을 정확하고 효율적으로 관리하는 것입니다. 이는 객체 지향 프로그래밍에서 속성의 캡슐화 및 데이터 검증을 강화하는 데 필수적입니다. Descriptors를 구현할 때 직면할 수 있는 주요 과제는 속성 접근 메소드의 복잡성을 이해하고 올바르게 적용하는 것입니다. 저는 이러한 과제를 해결하기 위해 Python의 `__get__`, `__set__`, `__delete__` 메소드를 활용해 사용자 정의 데이터 검증과 로깅 기능을 개발했습니다. 이를 통해 데이터 무결성을 유지하고 코드의 유지보수성을 향상시켰으며, 프로젝트의 성능을 20% 향상시킨 경험이 있습니다. 이러한 경험을 바탕으로 향후 프로젝트에서도 데이터 관리의 효율성을 높이고, 복잡한 비즈니스 로직을 단순화하는 데 기여할 것입니다.","The main goal of implementing Descriptors in Python is to manage the way attributes are accessed and modified accurately and efficiently. This is essential for enhancing encapsulation and data validation of attributes in object-oriented programming. One of the main challenges when implementing Descriptors is understanding the complexity of attribute access methods and applying them correctly. To address these challenges, I utilized Python's `__get__`, `__set__`, and `__delete__` methods to develop custom data validation and logging functions. Through this, I was able to maintain data integrity, improve the maintainability of the code, and enhance the project's performance by 20%. Based on this experience, I intend to contribute to improving data management efficiency and simplifying complex business logic in future projects.","기술스택: Python
용어: Implementing Descriptors"
